{
  "MAX_DISTANCE": 50.0,
  "CENTER_POINT": {
    "LAT": 39.3604287420079,
    "LONG": -9.158017598888678
  }
}